taxon_id,taxon_name,model_type
2165,Angophora bakeri,PPM
2168,Angophora costata,PPM
2171,Angophora floribunda,PPM
2172,Angophora hispida,PPM
2173,Angophora inopina,PPM
2174,Angophora leiocarpa,PPM
2175,Angophora melanoxylon,PPM
2176,Angophora robur,PPM
2177,Angophora subvelutina,PPM
2178,Angophora woodsiana,PPM
6160,Corymbia abbreviata,PPM
6161,Corymbia abergiana,PPM
6162,Corymbia aparrerinja,PPM
6163,Corymbia arafurica,PPM
6164,Corymbia arenaria,PPM
6165,Corymbia arnhemensis,PPM
6166,Corymbia aspera,PPM
6167,Corymbia aureola,PPM
6168,Corymbia bella,PPM
6169,Corymbia blakei,PPM
6170,Corymbia bleeseri,PPM
6171,Corymbia bloxsomei,PPM
6172,Corymbia brachycarpa,PPM
6173,Corymbia bunites,PPM
6174,Corymbia cadophora,PPM
6178,Corymbia calophylla,PPM
6179,Corymbia candida,PPM
6181,Corymbia chartacea,PPM
6182,Corymbia chippendalei,PPM
6183,Corymbia citriodora,PPM
6184,Corymbia clandestina,RangeBag
6185,Corymbia clarksoniana,PPM
6186,Corymbia clavigera,PPM
6187,Corymbia cliftoniana,PPM
6188,Corymbia collina,PPM
6189,Corymbia confertiflora,PPM
6190,Corymbia dallachiana,PPM
6191,Corymbia dendromerinx,PPM
6192,Corymbia deserticola,PPM
6195,Corymbia dichromophloia,PPM
6196,Corymbia disjuncta,PPM
6197,Corymbia dunlopiana,PPM
6198,Corymbia ellipsoidea,PPM
6199,Corymbia eremaea,PPM
6202,Corymbia erythrophloia,PPM
6203,Corymbia eximia,PPM
6204,Corymbia ferriticola,PPM
6205,Corymbia ferruginea,PPM
6208,Corymbia ficifolia,PPM
6209,Corymbia flavescens,PPM
6210,Corymbia foelscheana,PPM
6211,Corymbia gilbertensis,PPM
6212,Corymbia grandifolia,PPM
6216,Corymbia greeniana,PPM
6217,Corymbia gummifera,PPM
6218,Corymbia haematoxylon,PPM
6219,Corymbia hamersleyana,PPM
6220,Corymbia hendersonii,PPM
6221,Corymbia henryi,PPM
6222,Corymbia hylandii,PPM
6223,Corymbia intermedia,PPM
6224,Corymbia jacobsiana,PPM
6225,Corymbia karelgica,PPM
6226,Corymbia kombolgiensis,PPM
6227,Corymbia lamprophylla,PPM
6228,Corymbia latifolia,PPM
6229,Corymbia leichhardtii,PPM
6230,Corymbia lenziana,PPM
6231,Corymbia leptoloma,RangeBag
6232,Corymbia ligans,PPM
6233,Corymbia maculata,PPM
6234,Corymbia nesophila,PPM
6235,Corymbia novoguinensis,PPM
6236,Corymbia oocarpa,PPM
6237,Corymbia opaca,PPM
6238,Corymbia pachycarpa,PPM
6239,Corymbia papillosa,PPM
6240,Corymbia papuana,PPM
6241,Corymbia paractia,RangeBag
6242,Corymbia pauciseta,PPM
6243,Corymbia peltata,PPM
6244,Corymbia petalophylla,PPM
6245,Corymbia plena,PPM
6246,Corymbia pocillum,PPM
6247,Corymbia polycarpa,PPM
6248,Corymbia polysciada,PPM
6249,Corymbia porrecta,PPM
6250,Corymbia ptychocarpa,PPM
6253,Corymbia rhodops,PPM
6254,Corymbia scabrida,PPM
6255,Corymbia serendipita,PPM
6256,Corymbia setosa,PPM
6257,Corymbia sp. Pentland Hills (P.I.Forster+ PIF16644),Points
6258,Corymbia sp. Prince Regent River (R.L.Barrett & M.D.Barrett RLB 3750),Points
6259,Corymbia sp. Springsure (M.I.Brooker 9786),Points
6260,Corymbia sp. Yampi Peninsula (R.L.Barrett & A.N.Start RLB 2280),Points
6261,Corymbia sphaerica,PPM
6262,Corymbia stockeri,PPM
6265,Corymbia terminalis,PPM
6266,Corymbia tessellaris,PPM
6267,Corymbia torelliana,PPM
6268,Corymbia torta,PPM
6272,Corymbia trachyphloia,PPM
6273,Corymbia umbonata,PPM
6274,Corymbia watsoniana,PPM
6277,Corymbia xanthope,PPM
6278,Corymbia zygophylla,PPM
9303,Eucalyptus abdita,RangeBag
9304,Eucalyptus absita,RangeBag
9305,Eucalyptus acaciiformis,PPM
9306,Eucalyptus accedens,PPM
9307,Eucalyptus acies,PPM
9308,Eucalyptus acmenoides,PPM
9309,Eucalyptus acroleuca,PPM
9310,Eucalyptus adesmophloia,PPM
9311,Eucalyptus aequioperta,PPM
9312,Eucalyptus agglomerata,PPM
9313,Eucalyptus aggregata,PPM
9314,Eucalyptus alaticaulis,PPM
9315,Eucalyptus alatissima,PPM
9316,Eucalyptus alba,PPM
9318,Eucalyptus albens,PPM
9319,Eucalyptus albida,PPM
9320,Eucalyptus albopurpurea,PPM
9321,Eucalyptus alipes,PPM
9322,Eucalyptus alligatrix,PPM
9326,Eucalyptus ammophila,PPM
9327,Eucalyptus amplifolia,PPM
9330,Eucalyptus amygdalina,PPM
9331,Eucalyptus ancophila,RangeBag
9332,Eucalyptus andrewsii,PPM
9333,Eucalyptus angophoroides,PPM
9334,Eucalyptus angularis,Points
9335,Eucalyptus angulosa,PPM
9336,Eucalyptus angustissima,PPM
9338,Eucalyptus annulata,PPM
9339,Eucalyptus annuliformis,Points
9340,Eucalyptus apiculata,PPM
9341,Eucalyptus apodophylla,PPM
9342,Eucalyptus apothalassica,PPM
9343,Eucalyptus approximans,PPM
9344,Eucalyptus aquatica,RangeBag
9345,Eucalyptus aquilina,RangeBag
9346,Eucalyptus arachnaea,PPM
9349,Eucalyptus arborella,PPM
9350,Eucalyptus arcana,Points
9351,Eucalyptus archeri,PPM
9352,Eucalyptus arenacea,PPM
9353,Eucalyptus arenicola,PPM
9354,Eucalyptus argillacea,PPM
9355,Eucalyptus argophloia,PPM
9356,Eucalyptus argutifolia,PPM
9357,Eucalyptus aridimontana,PPM
9358,Eucalyptus armillata,PPM
9359,Eucalyptus aromaphloia,Points
9361,Eucalyptus articulata,Points
9362,Eucalyptus aspersa,PPM
9363,Eucalyptus aspratilis,PPM
9364,Eucalyptus assimilans,RangeBag
9365,Eucalyptus astringens,PPM
9368,Eucalyptus atrata,PPM
9369,Eucalyptus aurifodina,PPM
9370,Eucalyptus badjensis,PPM
9371,Eucalyptus baeuerlenii,PPM
9372,Eucalyptus baileyana,PPM
9373,Eucalyptus baiophylla,PPM
9374,Eucalyptus bakeri,PPM
9375,Eucalyptus balladoniensis,RangeBag
9378,Eucalyptus bancroftii,PPM
9379,Eucalyptus banksii,PPM
9380,Eucalyptus barberi,PPM
9381,Eucalyptus baudiniana,PPM
9382,Eucalyptus baueriana,PPM
9386,Eucalyptus baxteri,RangeBag
9387,Eucalyptus beaniana,PPM
9388,Eucalyptus beardiana,PPM
9389,Eucalyptus behriana,PPM
9390,Eucalyptus bensonii,PPM
9391,Eucalyptus benthamii,PPM
9392,Eucalyptus beyeriana,PPM
9393,Eucalyptus bigalerita,PPM
9394,Eucalyptus blakelyi,PPM
9395,Eucalyptus blaxellii,PPM
9396,Eucalyptus blaxlandii,PPM
9397,Eucalyptus boliviana,Points
9398,Eucalyptus bosistoana,PPM
9399,Eucalyptus botryoides,PPM
9400,Eucalyptus brachyandra,PPM
9401,Eucalyptus brachycalyx,PPM
9402,Eucalyptus brandiana,RangeBag
9403,Eucalyptus brassiana,PPM
9404,Eucalyptus brevifolia,PPM
9405,Eucalyptus brevipes,PPM
9406,Eucalyptus brevistylis,PPM
9407,Eucalyptus bridgesiana,PPM
9408,Eucalyptus brockwayi,PPM
9409,Eucalyptus brookeriana,PPM
9410,Eucalyptus broviniensis,Points
9411,Eucalyptus brownii,PPM
9412,Eucalyptus bunyip,Points
9413,Eucalyptus buprestium,PPM
9414,Eucalyptus burdettiana,RangeBag
9415,Eucalyptus burgessiana,PPM
9416,Eucalyptus burracoppinensis,PPM
9417,Eucalyptus cadens,PPM
9418,Eucalyptus caesia,PPM
9419,Eucalyptus cajuputea,PPM
9420,Eucalyptus calcareana,PPM
9421,Eucalyptus calcicola,PPM
9424,Eucalyptus caleyi,PPM
9427,Eucalyptus caliginosa,PPM
9428,Eucalyptus calycogona,PPM
9433,Eucalyptus calyerup,RangeBag
9434,Eucalyptus camaldulensis,PPM
9443,Eucalyptus cambageana,PPM
9444,Eucalyptus cameronii,PPM
9445,Eucalyptus camfieldii,PPM
9446,Eucalyptus campanulata,PPM
9447,Eucalyptus campaspe,PPM
9448,Eucalyptus camphora,PPM
9451,Eucalyptus canaliculata,PPM
9452,Eucalyptus canescens,RangeBag
9455,Eucalyptus canobolensis,RangeBag
9456,Eucalyptus capillosa,PPM
9459,Eucalyptus capitanea,RangeBag
9460,Eucalyptus capitellata,PPM
9461,Eucalyptus captiosa,PPM
9462,Eucalyptus carnea,PPM
9463,Eucalyptus carnei,PPM
9464,Eucalyptus carolaniae,Points
9465,Eucalyptus castrensis,Points
9466,Eucalyptus celastroides,PPM
9469,Eucalyptus cephalocarpa,PPM
9470,Eucalyptus ceracea,RangeBag
9471,Eucalyptus cerasiformis,PPM
9472,Eucalyptus ceratocorys,PPM
9473,Eucalyptus cernua,PPM
9474,Eucalyptus chapmaniana,PPM
9475,Eucalyptus chartaboma,PPM
9476,Eucalyptus chloroclada,PPM
9477,Eucalyptus chlorophylla,PPM
9479,Eucalyptus cinerea,Points
9483,Eucalyptus cladocalyx,PPM
9487,Eucalyptus clelandiorum,PPM
9488,Eucalyptus clivicola,PPM
9489,Eucalyptus cloeziana,PPM
9490,Eucalyptus cneorifolia,PPM
9491,Eucalyptus coccifera,PPM
9492,Eucalyptus codonocarpa,PPM
9493,Eucalyptus comitae-vallis,PPM
9494,Eucalyptus concinna,PPM
9495,Eucalyptus conferruminata,PPM
9498,Eucalyptus conferta,Points
9499,Eucalyptus confluens,PPM
9500,Eucalyptus conglobata,PPM
9503,Eucalyptus conglomerata,PPM
9504,Eucalyptus conica,PPM
9505,Eucalyptus consideniana,PPM
9506,Eucalyptus conspicua,PPM
9507,Eucalyptus conveniens,PPM
9508,Eucalyptus coolabah,PPM
9509,Eucalyptus cooperiana,PPM
9510,Eucalyptus copulans,Points
9511,Eucalyptus cordata,PPM
9514,Eucalyptus cornuta,PPM
9515,Eucalyptus coronata,RangeBag
9516,Eucalyptus corrugata,PPM
9517,Eucalyptus corticosa,PPM
9518,Eucalyptus corynodes,PPM
9519,Eucalyptus cosmophylla,PPM
9520,Eucalyptus costuligera,RangeBag
9521,Eucalyptus crebra,PPM
9522,Eucalyptus creta,PPM
9523,Eucalyptus cretata,PPM
9524,Eucalyptus crispata,PPM
9525,Eucalyptus croajingolensis,PPM
9526,Eucalyptus crucis,Points
9530,Eucalyptus cullenii,PPM
9531,Eucalyptus cunninghamii,PPM
9532,Eucalyptus cuprea,PPM
9533,Eucalyptus cupularis,PPM
9534,Eucalyptus curtisii,PPM
9535,Eucalyptus cuspidata,Points
9536,Eucalyptus cyanophylla,PPM
9537,Eucalyptus cyclostoma,PPM
9538,Eucalyptus cylindriflora,PPM
9539,Eucalyptus cylindrocarpa,PPM
9540,Eucalyptus cypellocarpa,RangeBag
9541,Eucalyptus dalrympleana,PPM
9545,Eucalyptus dawsonii,PPM
9546,Eucalyptus dealbata,PPM
9547,Eucalyptus deanei,PPM
9548,Eucalyptus decipiens,PPM
9549,Eucalyptus decolor,RangeBag
9550,Eucalyptus decorticans,PPM
9551,Eucalyptus decurva,PPM
9552,Eucalyptus deflexa,PPM
9553,Eucalyptus delegatensis,PPM
9556,Eucalyptus delicata,PPM
9557,Eucalyptus dendromorpha,PPM
9558,Eucalyptus densa,Points
9561,Eucalyptus denticulata,PPM
9562,Eucalyptus depauperata,PPM
9563,Eucalyptus desmondensis,PPM
9564,Eucalyptus deuaensis,RangeBag
9565,Eucalyptus dielsii,PPM
9566,Eucalyptus diminuta,PPM
9567,Eucalyptus diptera,PPM
9568,Eucalyptus discreta,PPM
9569,Eucalyptus dissimulata,PPM
9570,Eucalyptus distans,PPM
9571,Eucalyptus distuberosa,RangeBag
9574,Eucalyptus diversicolor,PPM
9575,Eucalyptus diversifolia,PPM
9578,Eucalyptus dives,PPM
9579,Eucalyptus dolichocera,PPM
9580,Eucalyptus dolichorhyncha,PPM
9581,Eucalyptus dolorosa,Points
9582,Eucalyptus doratoxylon,PPM
9583,Eucalyptus dorrigoensis,PPM
9584,Eucalyptus drummondii,PPM
9585,Eucalyptus dumosa,PPM
9586,Eucalyptus dundasii,PPM
9587,Eucalyptus dunnii,PPM
9588,Eucalyptus dura,PPM
9589,Eucalyptus dwyeri,PPM
9590,Eucalyptus ebbanoensis,RangeBag
9594,Eucalyptus ecostata,PPM
9595,Eucalyptus educta,PPM
9596,Eucalyptus effusa,PPM
9599,Eucalyptus elaeophloia,RangeBag
9600,Eucalyptus elata,PPM
9601,Eucalyptus elegans,PPM
9602,Eucalyptus elliptica,PPM
9603,Eucalyptus erectifolia,PPM
9604,Eucalyptus eremicola,PPM
9607,Eucalyptus eremophila,PPM
9610,Eucalyptus erosa,PPM
9611,Eucalyptus erythrocorys,PPM
9612,Eucalyptus erythronema,PPM
9615,Eucalyptus eudesmioides,PPM
9618,Eucalyptus eugenioides,PPM
9619,Eucalyptus ewartiana,PPM
9620,Eucalyptus exigua,PPM
9621,Eucalyptus exilipes,PPM
9622,Eucalyptus exilis,PPM
9623,Eucalyptus expressa,PPM
9624,Eucalyptus exserta,PPM
9625,Eucalyptus extensa,PPM
9626,Eucalyptus extrica,PPM
9627,Eucalyptus falcata,PPM
9628,Eucalyptus falciformis,PPM
9629,Eucalyptus famelica,PPM
9630,Eucalyptus farinosa,Points
9631,Eucalyptus fasciculosa,PPM
9632,Eucalyptus fastigata,PPM
9633,Eucalyptus fibrosa,PPM
9636,Eucalyptus filiformis,Points
9637,Eucalyptus fitzgeraldii,PPM
9638,Eucalyptus flavida,PPM
9639,Eucalyptus flindersii,PPM
9640,Eucalyptus flocktoniae,PPM
9643,Eucalyptus foecunda,PPM
9644,Eucalyptus foliosa,PPM
9645,Eucalyptus formanii,PPM
9646,Eucalyptus forresterae,RangeBag
9647,Eucalyptus forrestiana,PPM
9648,Eucalyptus fracta,Points
9649,Eucalyptus fraseri,PPM
9652,Eucalyptus fraxinoides,PPM
9653,Eucalyptus frenchiana,PPM
9654,Eucalyptus froggattii,PPM
9655,Eucalyptus fruticosa,PPM
9656,Eucalyptus fulgens,PPM
9657,Eucalyptus fusiformis,PPM
9658,Eucalyptus gamophylla,PPM
9659,Eucalyptus gardneri,RangeBag
9662,Eucalyptus georgei,RangeBag
9665,Eucalyptus gigantangion,PPM
9666,Eucalyptus gillenii,PPM
9667,Eucalyptus gillii,PPM
9668,Eucalyptus gittinsii,PPM
9671,Eucalyptus glaucescens,PPM
9672,Eucalyptus glaucina,PPM
9673,Eucalyptus globoidea,PPM
9674,Eucalyptus globulus,PPM
9679,Eucalyptus glomericassis,PPM
9680,Eucalyptus glomerosa,PPM
9681,Eucalyptus gomphocephala,PPM
9682,Eucalyptus gongylocarpa,PPM
9683,Eucalyptus goniantha,RangeBag
9685,Eucalyptus goniocalyx,Points
9691,Eucalyptus goniocarpa,PPM
9692,Eucalyptus gracilis,PPM
9693,Eucalyptus grandis,PPM
9694,Eucalyptus granitica,PPM
9695,Eucalyptus gregoryensis,PPM
9696,Eucalyptus gregsoniana,PPM
9697,Eucalyptus griffithsii,PPM
9698,Eucalyptus grisea,PPM
9699,Eucalyptus grossa,PPM
9700,Eucalyptus guilfoylei,PPM
9701,Eucalyptus gummifera,Points
9702,Eucalyptus gunnii,PPM
9705,Eucalyptus gypsophila,PPM
9706,Eucalyptus haemastoma,PPM
9707,Eucalyptus hallii,PPM
9708,Eucalyptus halophila,PPM
9709,Eucalyptus hawkeri,RangeBag
9710,Eucalyptus hebetifolia,PPM
9711,Eucalyptus helidonica,PPM
9712,Eucalyptus herbertiana,PPM
9713,Eucalyptus histophylla,PPM
9714,Eucalyptus horistes,PPM
9715,Eucalyptus houseana,PPM
9716,Eucalyptus howittiana,PPM
9717,Eucalyptus hypolaena,PPM
9718,Eucalyptus hypostomatica,PPM
9719,Eucalyptus ignorabilis,PPM
9720,Eucalyptus imitans,PPM
9722,Eucalyptus impensa,Points
9723,Eucalyptus incerata,PPM
9724,Eucalyptus incrassata,PPM
9725,Eucalyptus indurata,PPM
9726,Eucalyptus infera,RangeBag
9727,Eucalyptus infracorticata,Points
9728,Eucalyptus insularis,RangeBag
9731,Eucalyptus interstans,PPM
9732,Eucalyptus intertexta,PPM
9733,Eucalyptus jacksonii,PPM
9734,Eucalyptus jensenii,PPM
9735,Eucalyptus jimberlanica,RangeBag
9736,Eucalyptus johnsoniana,PPM
9737,Eucalyptus johnstonii,PPM
9738,Eucalyptus jucunda,PPM
9739,Eucalyptus jutsonii,RangeBag
9742,Eucalyptus kabiana,Points
9743,Eucalyptus kartzoffiana,PPM
9744,Eucalyptus kenneallyi,Points
9745,Eucalyptus kessellii,PPM
9748,Eucalyptus kingsmillii,PPM
9750,Eucalyptus kitsoniana,PPM
9751,Eucalyptus kochii,PPM
9757,Eucalyptus kondininensis,PPM
9758,Eucalyptus koolpinensis,Points
9759,Eucalyptus kruseana,PPM
9760,Eucalyptus kumarlensis,PPM
9761,Eucalyptus kybeanensis,PPM
9762,Eucalyptus lacrimans,PPM
9763,Eucalyptus laeliae,PPM
9764,Eucalyptus laevis,PPM
9765,Eucalyptus laevopinea,PPM
9766,Eucalyptus lane-poolei,PPM
9767,Eucalyptus langleyi,PPM
9768,Eucalyptus lansdowneana,PPM
9769,Eucalyptus largeana,PPM
9770,Eucalyptus largiflorens,PPM
9771,Eucalyptus latens,PPM
9773,Eucalyptus latisinensis,PPM
9774,Eucalyptus lehmannii,PPM
9777,Eucalyptus leprophloia,PPM
9778,Eucalyptus leptocalyx,PPM
9781,Eucalyptus leptophleba,PPM
9782,Eucalyptus leptophylla,PPM
9783,Eucalyptus leptopoda,PPM
9788,Eucalyptus lesouefii,PPM
9789,Eucalyptus leucophloia,PPM
9792,Eucalyptus leucophylla,PPM
9793,Eucalyptus leucoxylon,PPM
9800,Eucalyptus ligulata,PPM
9803,Eucalyptus ligustrina,PPM
9804,Eucalyptus limitaris,PPM
9805,Eucalyptus lirata,PPM
9806,Eucalyptus litoralis,RangeBag
9807,Eucalyptus litorea,PPM
9808,Eucalyptus livida,PPM
9809,Eucalyptus lockyeri,PPM
9812,Eucalyptus longicornis,PPM
9813,Eucalyptus longifolia,PPM
9814,Eucalyptus longirostrata,PPM
9815,Eucalyptus longissima,PPM
9816,Eucalyptus loxophleba,PPM
9821,Eucalyptus lucasii,PPM
9822,Eucalyptus lucens,PPM
9823,Eucalyptus luculenta,PPM
9824,Eucalyptus luehmanniana,PPM
9825,Eucalyptus luteola,PPM
9826,Eucalyptus macarthurii,PPM
9827,Eucalyptus mackintii,PPM
9828,Eucalyptus macrandra,PPM
9829,Eucalyptus macrocarpa,PPM
9832,Eucalyptus macrorhyncha,PPM
9835,Eucalyptus magnificata,PPM
9836,Eucalyptus major,PPM
9837,Eucalyptus malacoxylon,PPM
9838,Eucalyptus mannensis,PPM
9841,Eucalyptus mannifera,PPM
9845,Eucalyptus marginata,PPM
9848,Eucalyptus mckieana,PPM
9849,Eucalyptus mcquoidii,RangeBag
9850,Eucalyptus mediocris,PPM
9851,Eucalyptus megacarpa,PPM
9852,Eucalyptus megacornuta,PPM
9853,Eucalyptus megasepala,PPM
9854,Eucalyptus melanoleuca,PPM
9855,Eucalyptus melanophitra,PPM
9856,Eucalyptus melanophloia,PPM
9859,Eucalyptus melanoxylon,PPM
9860,Eucalyptus melliodora,PPM
9861,Eucalyptus merrickiae,PPM
9862,Eucalyptus michaeliana,PPM
9863,Eucalyptus micranthera,PPM
9864,Eucalyptus microcarpa,PPM
9865,Eucalyptus microcorys,PPM
9866,Eucalyptus microneura,PPM
9867,Eucalyptus microschema,PPM
9868,Eucalyptus microtheca,PPM
9869,Eucalyptus mimica,PPM
9872,Eucalyptus miniata,PPM
9873,Eucalyptus minniritchi,PPM
9874,Eucalyptus misella,RangeBag
9875,Eucalyptus mitchelliana,RangeBag
9876,Eucalyptus moderata,PPM
9877,Eucalyptus moluccana,PPM
9878,Eucalyptus molyneuxii,Points
9879,Eucalyptus mooreana,PPM
9880,Eucalyptus moorei,PPM
9883,Eucalyptus morrisbyi,RangeBag
9884,Eucalyptus morrisii,PPM
9885,Eucalyptus muelleriana,PPM
9886,Eucalyptus multicaulis,PPM
9887,Eucalyptus myriadena,PPM
9890,Eucalyptus nandewarica,PPM
9891,Eucalyptus nebulosa,RangeBag
9892,Eucalyptus neglecta,PPM
9893,Eucalyptus neutra,PPM
9894,Eucalyptus newbeyi,RangeBag
9895,Eucalyptus nicholii,PPM
9896,Eucalyptus nigrifunda,PPM
9897,Eucalyptus nitens,PPM
9898,Eucalyptus nitida,PPM
9899,Eucalyptus nobilis,PPM
9900,Eucalyptus normantonensis,PPM
9901,Eucalyptus nortonii,PPM
9902,Eucalyptus notabilis,PPM
9903,Eucalyptus notactites,PPM
9904,Eucalyptus nova-anglica,PPM
9905,Eucalyptus nudicaulis,RangeBag
9906,Eucalyptus nutans,RangeBag
9907,Eucalyptus obconica,PPM
9908,Eucalyptus obesa,PPM
9909,Eucalyptus obliqua,PPM
9910,Eucalyptus obtusiflora,PPM
9914,Eucalyptus occidentalis,PPM
9915,Eucalyptus ochrophloia,PPM
9916,Eucalyptus odontocarpa,PPM
9917,Eucalyptus odorata,PPM
9918,Eucalyptus oldfieldii,PPM
9920,Eucalyptus oleosa,PPM
9925,Eucalyptus olida,PPM
9926,Eucalyptus oligantha,PPM
9929,Eucalyptus olivina,PPM
9930,Eucalyptus olsenii,PPM
9931,Eucalyptus ophitica,RangeBag
9932,Eucalyptus opimiflora,PPM
9933,Eucalyptus optima,PPM
9934,Eucalyptus oraria,PPM
9935,Eucalyptus orbifolia,PPM
9936,Eucalyptus ordiana,PPM
9937,Eucalyptus oreades,PPM
9938,Eucalyptus orgadophila,PPM
9939,Eucalyptus ornans,Points
9940,Eucalyptus ornata,PPM
9941,Eucalyptus orthostemon,PPM
9942,Eucalyptus ovata,PPM
9945,Eucalyptus ovularis,PPM
9946,Eucalyptus oxymitra,PPM
9947,Eucalyptus pachycalyx,PPM
9951,Eucalyptus pachyloma,PPM
9952,Eucalyptus pachyphylla,PPM
9953,Eucalyptus paedoglauca,PPM
9954,Eucalyptus paliformis,RangeBag
9955,Eucalyptus paludicola,PPM
9956,Eucalyptus panda,PPM
9957,Eucalyptus paniculata,PPM
9958,Eucalyptus pantoleuca,PPM
9959,Eucalyptus paralimnetica,RangeBag
9960,Eucalyptus parramattensis,PPM
9964,Eucalyptus parvula,PPM
9965,Eucalyptus patellaris,PPM
9966,Eucalyptus patens,PPM
9967,Eucalyptus pauciflora,PPM
9974,Eucalyptus pellita,PPM
9975,Eucalyptus pendens,PPM
9976,Eucalyptus peninsularis,PPM
9977,Eucalyptus perangusta,PPM
9978,Eucalyptus percostata,PPM
9979,Eucalyptus perriniana,PPM
9980,Eucalyptus persistens,PPM
9981,Eucalyptus petiolaris,PPM
9982,Eucalyptus petraea,PPM
9983,Eucalyptus petrensis,PPM
9984,Eucalyptus phaenophylla,PPM
9987,Eucalyptus phenax,PPM
9990,Eucalyptus phoenicea,PPM
9991,Eucalyptus phoenix,Points
9992,Eucalyptus pilbarensis,PPM
9993,Eucalyptus pileata,PPM
9994,Eucalyptus pilularis,PPM
9995,Eucalyptus pimpiniana,PPM
9996,Eucalyptus piperita,PPM
9997,Eucalyptus placita,PPM
9998,Eucalyptus planchoniana,PPM
9999,Eucalyptus planipes,PPM
10000,Eucalyptus platycorys,PPM
10001,Eucalyptus platydisca,RangeBag
10002,Eucalyptus platyphylla,PPM
10003,Eucalyptus platypus,PPM
10006,Eucalyptus pleurocarpa,PPM
10007,Eucalyptus pleurocorys,PPM
10008,Eucalyptus pluricaulis,PPM
10011,Eucalyptus polita,PPM
10012,Eucalyptus polyanthemos,PPM
10017,Eucalyptus polybractea,PPM
10018,Eucalyptus populnea,PPM
10019,Eucalyptus porosa,PPM
10020,Eucalyptus praetermissa,RangeBag
10021,Eucalyptus prava,PPM
10022,Eucalyptus preissiana,PPM
10025,Eucalyptus prolixa,PPM
10026,Eucalyptus prominens,PPM
10027,Eucalyptus propinqua,PPM
10028,Eucalyptus protensa,PPM
10029,Eucalyptus provecta,PPM
10030,Eucalyptus proxima,PPM
10031,Eucalyptus pruiniramis,RangeBag
10032,Eucalyptus pruinosa,PPM
10035,Eucalyptus psammitica,PPM
10036,Eucalyptus pterocarpa,RangeBag
10037,Eucalyptus pulchella,PPM
10038,Eucalyptus pulverulenta,PPM
10039,Eucalyptus pumila,Points
10040,Eucalyptus punctata,PPM
10041,Eucalyptus purpurata,RangeBag
10042,Eucalyptus pyrenea,Points
10043,Eucalyptus pyriformis,PPM
10044,Eucalyptus pyrocarpa,PPM
10045,Eucalyptus quadrangulata,PPM
10046,Eucalyptus quadrans,PPM
10047,Eucalyptus quadricostata,PPM
10048,Eucalyptus quaerenda,PPM
10049,Eucalyptus quinniorum,PPM
10050,Eucalyptus racemosa,PPM
10051,Eucalyptus radiata,PPM
10055,Eucalyptus rameliana,PPM
10056,Eucalyptus raveretiana,PPM
10057,Eucalyptus ravida,PPM
10058,Eucalyptus recta,RangeBag
10059,Eucalyptus recurva,RangeBag
10060,Eucalyptus redimiculifera,Points
10061,Eucalyptus redunca,PPM
10062,Eucalyptus regnans,PPM
10063,Eucalyptus relicta,Points
10064,Eucalyptus remota,PPM
10065,Eucalyptus repullulans,PPM
10066,Eucalyptus resinifera,PPM
10069,Eucalyptus retinens,PPM
10070,Eucalyptus retusa,Points
10071,Eucalyptus rhodantha,PPM
10073,Eucalyptus rhombica,PPM
10074,Eucalyptus rhomboidea,RangeBag
10075,Eucalyptus rigens,PPM
10076,Eucalyptus rigidula,PPM
10077,Eucalyptus risdonii,PPM
10078,Eucalyptus robusta,PPM
10079,Eucalyptus rodwayi,PPM
10080,Eucalyptus rosacea,PPM
10081,Eucalyptus rossii,PPM
10082,Eucalyptus rowleyi,PPM
10083,Eucalyptus roycei,PPM
10084,Eucalyptus rubida,PPM
10087,Eucalyptus rubiginosa,PPM
10088,Eucalyptus rudderi,RangeBag
10089,Eucalyptus rudis,PPM
10092,Eucalyptus rugosa,PPM
10093,Eucalyptus rugulata,Points
10094,Eucalyptus rummeryi,PPM
10095,Eucalyptus rupestris,PPM
10096,Eucalyptus sabulosa,PPM
10097,Eucalyptus salicola,PPM
10098,Eucalyptus saligna,PPM
10099,Eucalyptus salmonophloia,PPM
10100,Eucalyptus salubris,PPM
10101,Eucalyptus sargentii,PPM
10104,Eucalyptus saxatilis,PPM
10105,Eucalyptus scias,PPM
10108,Eucalyptus scoparia,PPM
10110,Eucalyptus scyphocalyx,PPM
10113,Eucalyptus seeana,PPM
10114,Eucalyptus semiglobosa,PPM
10115,Eucalyptus semota,RangeBag
10116,Eucalyptus sepulcralis,PPM
10117,Eucalyptus serraensis,PPM
10118,Eucalyptus sessilis,PPM
10119,Eucalyptus sheathiana,PPM
10120,Eucalyptus shirleyi,PPM
10121,Eucalyptus sicilifolia,RangeBag
10122,Eucalyptus siderophloia,PPM
10123,Eucalyptus sideroxylon,PPM
10126,Eucalyptus sieberi,PPM
10127,Eucalyptus silvestris,PPM
10128,Eucalyptus similis,PPM
10129,Eucalyptus singularis,PPM
10130,Eucalyptus sinuosa,PPM
10131,Eucalyptus smithii,PPM
10132,Eucalyptus socialis,PPM
10137,Eucalyptus sp. Cattai (Gregson s.n. 28 Aug 1954),RangeBag
10138,Eucalyptus sp. Dartmoor (D.Nicolle & M.French DN 5585),Points
10139,Eucalyptus sp. Dunbar Road (D.Nicolle & M.French DN 5466),Points
10140,Eucalyptus sp. Esperance (M.E.French 1579),RangeBag
10141,Eucalyptus sp. Flinders Ranges (D.Nicolle 562),PPM
10142,Eucalyptus sp. Fraser Range (D.Nicolle 2157),PPM
10143,Eucalyptus sp. Glasshouse Mountains (A.R.Bean 782),Points
10144,Eucalyptus sp. Great Victoria Desert (D.Nicolle & M.French DN 3877),PPM
10145,Eucalyptus sp. Howes Swamp Creek (M.Doherty 26),Points
10146,Eucalyptus sp. Kalbarri (M.I.H.Brooker 7937),PPM
10147,Eucalyptus sp. Killarney (C.R.Michell 2403),RangeBag
10148,Eucalyptus sp. Lake Magenta (D.Nicolle & M.French DN 5509),RangeBag
10149,Eucalyptus sp. Little Sandy Desert (D.Nicolle & M.French DN 4304),PPM
10150,Eucalyptus sp. Montejinni Station (G.M.Chippendale 2171),RangeBag
10151,Eucalyptus sp. Mt Garnet (D.J.Carr+ 1672B),Points
10152,Eucalyptus sp. Mt Hope Homestead (E.J.Thompson+ BUC175),PPM
10153,Eucalyptus sp. Mt Short (D.Nicolle & M.French DN 3575),RangeBag
10154,Eucalyptus sp. Mulga Rock (K.D.Hill & L.A.S.Johnson KH 2668),PPM
10155,Eucalyptus sp. North Balladonia (D.Nicolle & M.French DN 3620),RangeBag
10156,Eucalyptus sp. Pitta Creek (R.L.Barrett & M.D.Barrett RLB 1677),Points
10157,Eucalyptus sp. Queen Victoria Spring (D.Nicolle 524),PPM
10158,Eucalyptus sp. Southern wheatbelt (D.Nicolle & M.French DN 5507),PPM
10159,Eucalyptus sp. Sullivan Soak (D.Nicolle & M.French DN 5503),PPM
10160,Eucalyptus sp. Truslove (M.I.H.Brooker 7499),PPM
10161,Eucalyptus sparsa,PPM
10162,Eucalyptus sparsifolia,PPM
10163,Eucalyptus spathulata,PPM
10166,Eucalyptus sphaerocarpa,RangeBag
10167,Eucalyptus splendens,RangeBag
10168,Eucalyptus sporadica,PPM
10169,Eucalyptus spreta,PPM
10170,Eucalyptus squamosa,PPM
10171,Eucalyptus staeri,PPM
10172,Eucalyptus staigeriana,PPM
10173,Eucalyptus steedmanii,RangeBag
10174,Eucalyptus stellulata,PPM
10175,Eucalyptus stenostoma,PPM
10176,Eucalyptus stoatei,PPM
10177,Eucalyptus stowardii,PPM
10178,Eucalyptus striaticalyx,PPM
10181,Eucalyptus stricklandii,PPM
10182,Eucalyptus stricta,PPM
10183,Eucalyptus strzeleckii,PPM
10184,Eucalyptus sturgissiana,PPM
10185,Eucalyptus subangusta,PPM
10190,Eucalyptus subcrenulata,PPM
10191,Eucalyptus suberea,PPM
10192,Eucalyptus subtilis,PPM
10193,Eucalyptus suffulgens,PPM
10194,Eucalyptus suggrandis,PPM
10197,Eucalyptus surgens,Points
10198,Eucalyptus sweedmaniana,RangeBag
10199,Eucalyptus synandra,PPM
10200,Eucalyptus talyuberlup,PPM
10201,Eucalyptus tardecidens,PPM
10202,Eucalyptus taurina,PPM
10203,Eucalyptus tectifica,PPM
10204,Eucalyptus tenella,PPM
10205,Eucalyptus tenera,PPM
10206,Eucalyptus tenuipes,PPM
10207,Eucalyptus tenuiramis,PPM
10208,Eucalyptus tenuis,PPM
10209,Eucalyptus tephroclada,PPM
10210,Eucalyptus tephrodes,PPM
10211,Eucalyptus terebra,PPM
10212,Eucalyptus tereticornis,PPM
10217,Eucalyptus terrica,PPM
10218,Eucalyptus tetrapleura,PPM
10219,Eucalyptus tetraptera,PPM
10220,Eucalyptus tetrodonta,PPM
10221,Eucalyptus thamnoides,PPM
10224,Eucalyptus tholiformis,PPM
10225,Eucalyptus thozetiana,PPM
10226,Eucalyptus tindaliae,PPM
10227,Eucalyptus tintinnans,PPM
10228,Eucalyptus todtiana,PPM
10229,Eucalyptus torquata,PPM
10230,Eucalyptus tortilis,PPM
10231,Eucalyptus transcontinentalis,PPM
10232,Eucalyptus tricarpa,PPM
10235,Eucalyptus triflora,PPM
10236,Eucalyptus trivalva,PPM
10237,Eucalyptus tumida,PPM
10238,Eucalyptus ultima,PPM
10239,Eucalyptus umbra,PPM
10240,Eucalyptus umbrawarrensis,PPM
10241,Eucalyptus uncinata,PPM
10242,Eucalyptus urna,PPM
10243,Eucalyptus urnigera,PPM
10244,Eucalyptus utilis,PPM
10245,Eucalyptus valens,PPM
10246,Eucalyptus varia,PPM
10249,Eucalyptus vegrandis,PPM
10252,Eucalyptus vernicosa,PPM
10253,Eucalyptus verrucata,PPM
10254,Eucalyptus vesiculosa,RangeBag
10255,Eucalyptus vicina,PPM
10256,Eucalyptus victoriana,RangeBag
10257,Eucalyptus victrix,PPM
10258,Eucalyptus viminalis,PPM
10264,Eucalyptus virens,PPM
10265,Eucalyptus virginea,RangeBag
10266,Eucalyptus viridis,PPM
10267,Eucalyptus vittata,PPM
10268,Eucalyptus vokesensis,PPM
10269,Eucalyptus volcanica,PPM
10270,Eucalyptus walshii,Points
10271,Eucalyptus wandoo,PPM
10274,Eucalyptus websteriana,PPM
10277,Eucalyptus whitei,PPM
10278,Eucalyptus wilcoxii,RangeBag
10279,Eucalyptus williamsiana,PPM
10280,Eucalyptus willisii,PPM
10282,Eucalyptus wimmerensis,PPM
10283,Eucalyptus woodwardii,PPM
10284,Eucalyptus woollsiana,PPM
10285,Eucalyptus wubinensis,PPM
10286,Eucalyptus wyolensis,RangeBag
10287,Eucalyptus xanthonema,PPM
10290,Eucalyptus xerothermica,PPM
10291,Eucalyptus yalatensis,PPM
10292,Eucalyptus yarraensis,PPM
10293,Eucalyptus yarriambiack,Points
10294,Eucalyptus yilgarnensis,PPM
10295,Eucalyptus youmanii,PPM
10296,Eucalyptus youngiana,PPM
10297,Eucalyptus yumbarrana,PPM
10298,Eucalyptus zopherophloia,PPM
